N,P,K,temperature,humidity,ph,rainfall,label
90,42,43,20.879,82.002,6.502,202.936,rice
85,58,41,21.770,80.319,7.039,226.656,rice
60,55,44,23.004,82.321,7.840,263.964,rice
74,35,40,26.491,80.158,6.980,242.864,rice
78,42,42,20.130,81.604,6.605,262.717,rice
69,55,38,23.058,83.370,6.761,251.055,rice
94,53,40,25.665,80.663,6.510,203.929,rice
89,54,38,23.758,82.970,6.498,219.904,rice
68,58,38,24.132,80.098,5.603,226.946,rice
91,53,40,24.927,82.725,5.880,224.675,rice
20,60,80,25.5,60,6.0,100,maize
30,50,75,24,65,6.5,120,maize
25,55,78,26,62,6.2,110,maize
35,45,70,27,68,6.7,130,maize
28,52,76,23.5,64,6.4,115,maize
40,70,20,28,75,6.0,150,cotton
45,65,25,29,72,6.3,140,cotton
42,68,22,27.5,78,6.1,160,cotton
38,72,24,30,74,6.2,145,cotton
48,66,21,28.5,76,6.4,155,cotton
50,30,30,22,70,6.5,80,chickpea
45,35,28,21,68,6.8,75,chickpea
55,32,25,23,65,6.4,90,chickpea
48,38,30,24,67,6.6,85,chickpea
52,34,27,22.5,66,6.7,88,chickpea